"mes","total_user","casual","registered","temp"
"2011-02",1752.95833333333,248.916666666667,1504.04166666667,12.0625
"2011-03",2065.96774193548,413.741935483871,1652.22580645161,13.5903225806452
"2011-04",3162.33333333333,744.866666666667,2417.46666666667,19.3133333333333
"2011-05",4381.32258064516,1001.61290322581,3379.70967741935,23.6677419354839
"2011-06",4783.73333333333,1020.4,3763.33333333333,28.42
"2011-07",4559.38709677419,1175.87096774194,3383.51612903226,31.1032258064516
"2011-08",4409.38709677419,930.387096774194,3479,28.9161290322581
"2011-09",4247.26666666667,884.833333333333,3362.43333333333,25.1333333333333
"2011-10",3984.22580645161,813.612903225806,3170.61290322581,19.2741935483871
"2011-11",3405.56666666667,519.8,2885.76666666667,16.4866666666667
"2011-12",3727,182,3545,12.8
